{"psnr loss": -31.913211822509766, "iter": 250020, "_timestamp": 1699876773.136478, "_runtime": 196087.47188305855, "_step": 25001, "reblur loss": 0.01672297716140747, "_wandb": {"runtime": 196087}}