{"psnr loss": -30.275981903076172, "iter": 4600, "_timestamp": 1699623039.5460508, "_runtime": 2481.3454847335815, "_step": 459, "reblur loss": 0.013456357643008232, "_wandb": {"runtime": 2488}}