{"psnr loss": -30.639556884765625, "iter": 8000, "_timestamp": 1699627334.2972267, "_runtime": 4267.658971786499, "_step": 799, "reblur loss": 0.009873954579234123}