{"psnr loss": -6.806004047393799, "iter": 160, "_timestamp": 1699680223.6386118, "_runtime": 117.93449783325195, "_step": 15, "reblur loss": 0.005840689409524202, "_wandb": {"runtime": 127}}