{"psnr loss": -31.81472396850586, "iter": 180, "_timestamp": 1699680071.8036182, "_runtime": 128.64291214942932, "_step": 17, "reblur loss": 0.012559541501104832, "_wandb": {"runtime": 132}}