{"psnr loss": -27.361251831054688, "iter": 200, "_timestamp": 1699616612.1734781, "_runtime": 129.86104702949524, "_step": 3, "reblur loss": 0.014259942807257175, "_wandb": {"runtime": 158}}