{"psnr loss": -26.13673973083496, "iter": 80, "_timestamp": 1700119437.7498033, "_runtime": 99.75729632377625, "_step": 7, "reblur loss": 0.0037645860575139523}