{"psnr loss": -30.594791412353516, "iter": 2460, "_timestamp": 1699619213.9893222, "_runtime": 1333.4802331924438, "_step": 491, "reblur loss": 0.013411185704171658, "_wandb": {"runtime": 1335}}