{"psnr loss": -6.483972072601318, "iter": 20, "_timestamp": 1699620529.7887652, "_runtime": 25.391677141189575, "_step": 1, "reblur loss": 0.005262251477688551, "_wandb": {"runtime": 32}}