{"psnr loss": -25.21109962463379, "iter": 20, "_timestamp": 1700141211.4599185, "_runtime": 32.90528440475464, "_step": 1, "reblur loss": 0.004044782370328903}