{"psnr loss": -33.88753128051758, "iter": 24960, "_timestamp": 1700141035.6816156, "_runtime": 21488.580186605453, "_step": 2495, "reblur loss": 0.00444435141980648}