{"psnr loss": -4.772953987121582, "iter": 360, "_timestamp": 1699620474.072944, "_runtime": 206.08177995681763, "_step": 35, "reblur loss": 0.017484702169895172, "_wandb": {"runtime": 209}}