{"psnr loss": -25.80338478088379, "iter": 40, "_timestamp": 1699680636.334207, "_runtime": 44.59481501579285, "_step": 3, "reblur loss": 0.011649033986032009, "_wandb": {"runtime": 46}}