{"psnr loss": -32.52141571044922, "iter": 69900, "_timestamp": 1700201273.8913758, "_runtime": 60014.559040784836, "_step": 6989, "reblur loss": 0.00380643829703331}