{"psnr loss": -27.688312530517578, "iter": 20, "_timestamp": 1699676637.7518444, "_runtime": 23.41561532020569, "_step": 1, "reblur loss": 0.011455290019512177, "_wandb": {"runtime": 25}}