{"psnr loss": -28.668365478515625, "iter": 100, "_timestamp": 1699680390.3785646, "_runtime": 90.8873815536499, "_step": 9, "reblur loss": 0.013963136821985245, "_wandb": {"runtime": 99}}