{"psnr loss": -32.02131271362305, "iter": 152860, "_timestamp": 1699874875.646123, "_runtime": 120264.4698908329, "_step": 15285, "reblur loss": 0.016886910423636436, "_wandb": {"runtime": 120268}}