{"psnr loss": -26.415977478027344, "iter": 40, "_timestamp": 1700141131.657574, "_runtime": 50.24603605270386, "_step": 3, "reblur loss": 0.0034829536452889442}