{"psnr loss": -4.8922858238220215, "iter": 40, "_timestamp": 1699679783.7466142, "_runtime": 50.46655511856079, "_step": 3, "reblur loss": 0.02090180106461048, "_wandb": {"runtime": 51}}