{"psnr loss": -27.235172271728516, "iter": 600, "_timestamp": 1699617849.1108937, "_runtime": 342.5214858055115, "_step": 11, "reblur loss": 0.009875239804387093, "_wandb": {"runtime": 343}}