{"psnr loss": -5.417824745178223, "iter": 80, "_timestamp": 1699679907.2103689, "_runtime": 65.28110384941101, "_step": 7, "reblur loss": 0.023062689229846, "_wandb": {"runtime": 75}}